TimeStamp,CpuUsage,CpuTemp,IrTemp,CpuPkgPower,CpuPL1,ThermalThrottling
2023-08-24_15-51-37-110,56.56601,37,30,12.68975079,55,0
2023-08-24_15-51-38-438,0.2135795,37,30,12.68975079,55,0
2023-08-24_15-51-39-453,0,35,30,9.303330861,55,0
2023-08-24_15-51-40-471,0.003115143,35,30,10.69294402,55,0
2023-08-24_15-51-41-494,2.094803,33,30,11.45127825,55,0
2023-08-24_15-51-42-515,0,36,30,10.53703495,55,0
2023-08-24_15-51-43-528,1.805557,34,30,11.61115363,55,0
2023-08-24_15-51-44-549,0.1216431,33,30,18.20736468,55,0
2023-08-24_15-51-45-567,1.013193,32,30,11.45069748,55,0
2023-08-24_15-51-46-586,0.2472124,33,30,10.70101214,55,0
2023-08-24_15-51-47-603,1.312748,32,30,10.9877389,55,0
2023-08-24_15-51-48-619,0.6162632,32,30,10.40153981,55,0
2023-08-24_15-51-49-640,0.07604661,31,30,11.85284146,55,0
2023-08-24_15-51-50-655,1.528951,32,30,12.86387897,55,0
2023-08-24_15-51-51-680,2.432818,32,30,13.44089395,55,0
2023-08-24_15-51-52-698,2.9016,35,30,14.82489359,55,0
2023-08-24_15-51-53-717,1.250059,35,30,14.82489359,55,0
2023-08-24_15-51-54-741,0.3226415,34,30,18.87655074,55,0
2023-08-24_15-51-55-759,0.9017627,31,30,10.56401971,55,0
2023-08-24_15-51-56-778,0.214559,32,30,11.5353251,55,0
2023-08-24_15-51-57-794,0,31,30,10.17532368,55,0
2023-08-24_15-51-58-818,1.432129,31,29,11.13125987,55,0
2023-08-24_15-51-59-835,0.1579414,32,29,11.18956868,55,0
2023-08-24_15-52-00-851,0.6448661,32,29,10.42018111,55,0
2023-08-24_15-52-01-867,0.5906875,32,29,11.73244434,55,0
2023-08-24_15-52-02-883,0,32,29,11.32146138,55,0
2023-08-24_15-52-03-900,1.483064,31,29,13.63226277,55,0
2023-08-24_15-52-04-913,1.14563,31,29,18.4339882,55,0
2023-08-24_15-52-05-932,0.01601502,32,29,11.1653219,55,0
2023-08-24_15-52-06-946,0.7943186,32,29,11.61195107,55,0
2023-08-24_15-52-07-965,0.9827693,32,29,11.61195107,55,0
2023-08-24_15-52-08-987,0.5375599,32,29,10.38659028,55,0
2023-08-24_15-52-10-006,0.5804686,32,29,10.61893195,55,0
2023-08-24_15-52-11-023,0.3379578,31,29,10.55279634,55,0
2023-08-24_15-52-12-039,0.68415,31,29,9.908714962,55,0
2023-08-24_15-52-13-062,0.4897095,32,29,11.05688921,55,0
2023-08-24_15-52-14-079,0,31,29,12.35220307,55,0
2023-08-24_15-52-15-097,0.9599338,31,29,17.56810052,55,0
2023-08-24_15-52-16-111,0.3323385,32,29,10.20166612,55,0
2023-08-24_15-52-17-125,1.532408,31,29,10.41710906,55,0
2023-08-24_15-52-18-143,1.08239,31,29,14.2924012,55,0
2023-08-24_15-52-19-158,0.1839022,31,28,11.73950826,55,0
2023-08-24_15-52-20-178,1.621007,31,28,9.887944665,55,0
2023-08-24_15-52-21-193,0,31,28,10.75153607,55,0
2023-08-24_15-52-22-209,0,31,28,11.90276019,55,0
2023-08-24_15-52-23-230,1.70422,31,28,10.55110473,55,0
2023-08-24_15-52-24-247,0.2814272,31,28,10.55110473,55,0
2023-08-24_15-52-25-267,1.310532,31,28,14.58042362,55,0
2023-08-24_15-52-26-285,0.8343242,42,28,18.3500196,55,0
2023-08-24_15-52-27-306,0,31,28,10.57994621,55,0
2023-08-24_15-52-28-326,1.359255,32,28,12.2353532,55,0
2023-08-24_15-52-29-344,0,33,28,14.82517227,55,0
2023-08-24_15-52-30-359,0.5999966,32,28,10.9718641,55,0
2023-08-24_15-52-31-379,0.8171951,31,28,11.84933915,55,0
2023-08-24_15-52-32-403,0.94619,31,28,11.59399916,55,0
2023-08-24_15-52-33-422,0,32,28,11.81913544,55,0
2023-08-24_15-52-34-435,0.9878367,32,28,11.19203066,55,0
2023-08-24_15-52-35-456,0,31,28,17.63956864,55,0
2023-08-24_15-52-36-473,1.749883,31,28,11.42712419,55,0
2023-08-24_15-52-37-491,0.7941356,31,28,12.09667403,55,0
2023-08-24_15-52-38-509,0.5097665,31,28,10.85088694,55,0
2023-08-24_15-52-39-531,0.1700427,31,28,10.95112832,55,0
2023-08-24_15-52-40-554,0.6152553,31,28,10.44740163,55,0
2023-08-24_15-52-41-575,1.344217,31,28,10.44740163,55,0
2023-08-24_15-52-42-591,0,31,28,11.73912253,55,0
2023-08-24_15-52-43-610,2.457517,31,28,12.25160938,55,0
2023-08-24_15-52-44-624,1.693066,31,28,18.73898569,55,0
2023-08-24_15-52-45-647,1.476857,35,28,22.69596369,55,0
2023-08-24_15-52-46-667,0.2521882,32,28,12.93074335,55,0
2023-08-24_15-52-47-685,1.097905,32,28,16.58178242,55,0
2023-08-24_15-52-48-706,0.8730851,35,28,12.26897034,55,0
2023-08-24_15-52-49-730,0.1777364,31,28,10.15253338,55,0
2023-08-24_15-52-50-751,0.1417096,32,28,11.12092294,55,0
2023-08-24_15-52-51-768,0.7289367,32,28,11.85821872,55,0
2023-08-24_15-52-52-784,0.062307,32,28,11.41688684,55,0
2023-08-24_15-52-53-802,0.8080713,36,28,10.98904158,55,0
2023-08-24_15-52-54-817,1.572643,31,28,10.67970498,55,0
2023-08-24_15-52-55-838,0,43,28,18.67820416,55,0
2023-08-24_15-52-56-863,0.7918394,31,28,10.85549197,55,0
2023-08-24_15-52-57-880,0.8674826,32,28,10.54807299,55,0
2023-08-24_15-52-58-902,0.4704379,32,28,10.54807299,55,0
2023-08-24_15-52-59-921,0.8981594,31,28,11.60356424,55,0
2023-08-24_15-53-00-943,0.5652933,32,28,11.57895269,55,0
2023-08-24_15-53-01-958,0.2568456,31,28,11.77989372,55,0
2023-08-24_15-53-02-976,0.5513749,31,28,11.14564625,55,0
2023-08-24_15-53-03-993,0.9589806,34,28,11.92662161,55,0
2023-08-24_15-53-05-010,0,31,28,13.14554562,55,0
2023-08-24_15-53-06-029,0.2419751,31,28,15.05481493,55,0
2023-08-24_15-53-07-045,0.3300356,35,28,18.43785495,55,0
2023-08-24_15-53-08-063,0.5397611,31,28,11.61711572,55,0
2023-08-24_15-53-09-081,0.1597362,31,28,10.72480952,55,0
2023-08-24_15-53-10-099,1.796313,31,28,10.49606095,55,0
2023-08-24_15-53-11-117,0,34,28,15.62268244,55,0
2023-08-24_15-53-12-139,1.17136,31,28,10.89301314,55,0
2023-08-24_15-53-13-153,1.365399,31,28,10.97762559,55,0
2023-08-24_15-53-14-169,0,31,28,12.45310047,55,0
2023-08-24_15-53-15-187,1.583477,31,28,12.45310047,55,0
2023-08-24_15-53-16-202,0.2306859,31,28,10.89583969,55,0
2023-08-24_15-53-17-221,0.3628485,33,28,16.72934645,55,0
2023-08-24_15-53-18-241,2.077152,31,28,11.12934779,55,0
2023-08-24_15-53-19-259,0.2977588,32,28,16.86914507,55,0
2023-08-24_15-53-20-274,1.458024,32,28,11.68719894,55,0
2023-08-24_15-53-21-292,0.6968403,31,28,10.05176532,55,0
2023-08-24_15-53-22-309,0,36,28,11.64988151,55,0
2023-08-24_15-53-23-328,0.9263465,31,28,11.20116932,55,0
2023-08-24_15-53-24-343,0.6170008,32,28,10.20957899,55,0
2023-08-24_15-53-25-367,0.5177687,31,28,10.90492328,55,0
2023-08-24_15-53-26-386,1.584748,31,28,14.08718732,55,0
2023-08-24_15-53-27-403,0.7378013,34,28,19.91502657,55,0
2023-08-24_15-53-28-417,0.6641952,32,28,12.49894242,55,0
2023-08-24_15-53-29-435,0.7063648,31,28,10.39657322,55,0
2023-08-24_15-53-30-458,0,33,28,11.56255223,55,0
2023-08-24_15-53-31-475,1.020808,31,28,10.81333867,55,0
2023-08-24_15-53-32-493,0.182166,31,28,10.81333867,55,0
2023-08-24_15-53-33-508,1.411031,31,28,11.12863639,55,0
2023-08-24_15-53-34-526,1.777907,34,28,14.97467555,55,0
2023-08-24_15-53-35-544,1.892014,35,28,25.25798342,55,0
2023-08-24_15-53-36-568,1.06268,35,28,15.24786462,55,0
2023-08-24_15-53-37-591,0.4070925,33,28,19.66648671,55,0
2023-08-24_15-53-38-607,0.770882,33,28,13.02701149,55,0
2023-08-24_15-53-39-669,0.1575593,35,28,13.10672253,55,0
2023-08-24_15-53-40-696,13.59419,49,28,25.51970892,55,0
2023-08-24_15-53-41-710,28.91865,49,28,94.23959979,55,0
2023-08-24_15-53-42-725,29.22523,96,28,89.7961373,55,1
2023-08-24_15-53-43-738,29.6051,96,28,85.10081339,55,1
2023-08-24_15-53-44-752,29.35441,97,28,81.77353744,55,1
2023-08-24_15-53-45-767,31.53571,97,28,91.96183452,55,1
2023-08-24_15-53-47-497,67.10146,96,28,96.22042894,55,1
2023-08-24_15-53-48-532,99.43428,96,28,126.7095975,55,1
2023-08-24_15-53-49-586,100,98,28,109.0609284,55,1
2023-08-24_15-53-50-619,100,96,28,118.4803928,55,1
2023-08-24_15-53-51-653,100,96,28,112.6860387,55,1
2023-08-24_15-53-52-686,100,96,28,113.6221175,55,1
2023-08-24_15-53-53-720,100,96,28,113.0061829,55,1
2023-08-24_15-53-54-755,100,96,28,121.9423008,55,1
2023-08-24_15-53-55-789,100,98,28,109.3244647,55,1
2023-08-24_15-53-56-824,100,95,28,105.3562567,55,1
2023-08-24_15-53-57-860,100,98,28,119.9608113,55,1
2023-08-24_15-53-58-892,100,98,29,106.5315985,55,1
2023-08-24_15-53-59-929,100,98,29,106.5315985,55,1
2023-08-24_15-54-00-963,100,96,29,104.4910771,55,1
2023-08-24_15-54-01-999,100,96,29,108.8987349,55,1
2023-08-24_15-54-03-036,100,98,29,104.2775571,55,1
2023-08-24_15-54-04-069,100,96,29,108.3242862,55,1
2023-08-24_15-54-05-104,100,96,29,106.8199689,55,1
2023-08-24_15-54-06-140,100,96,29,103.2712666,55,1
2023-08-24_15-54-07-176,100,98,29,102.2224985,55,1
2023-08-24_15-54-08-211,100,98,29,105.6024898,55,1
2023-08-24_15-54-09-241,100,96,29,102.296722,55,1
2023-08-24_15-54-10-274,100,98,29,101.8046942,55,1
2023-08-24_15-54-11-307,100,98,29,96.62936281,55,1
2023-08-24_15-54-12-342,100,96,29,98.88076115,55,1
2023-08-24_15-54-13-374,100,96,30,102.348594,55,1
2023-08-24_15-54-14-410,100,98,30,101.3970888,55,1
2023-08-24_15-54-15-443,100,96,30,100.9294095,55,1
2023-08-24_15-54-16-478,100,96,30,106.2870116,55,1
2023-08-24_15-54-17-510,100,96,30,106.2870116,55,1
2023-08-24_15-54-18-544,100,96,30,103.3671657,55,1
2023-08-24_15-54-19-578,100,96,30,106.3657674,55,1
2023-08-24_15-54-20-610,100,96,30,98.77656523,55,1
2023-08-24_15-54-21-644,100,98,30,100.9755663,55,1
2023-08-24_15-54-22-679,100,96,30,97.95277174,55,1
2023-08-24_15-54-23-714,100,98,30,101.6001789,55,1
2023-08-24_15-54-24-750,100,96,30,100.6239942,55,1
2023-08-24_15-54-25-785,100,96,30,101.2528424,55,1
2023-08-24_15-54-26-818,100,96,31,102.2189228,55,1
2023-08-24_15-54-27-852,100,96,31,106.6756506,55,1
2023-08-24_15-54-28-886,100,98,31,95.01383145,55,1
2023-08-24_15-54-29-919,100,96,31,97.68970012,55,1
2023-08-24_15-54-30-950,100,98,31,94.283064,55,1
2023-08-24_15-54-31-986,100,96,31,101.7658854,55,1
2023-08-24_15-54-33-019,100,96,31,94.83916208,55,1
2023-08-24_15-54-34-052,100,96,31,94.66010625,55,1
2023-08-24_15-54-35-086,100,96,31,94.66010625,55,1
2023-08-24_15-54-36-119,100,98,31,93.84888923,55,1
2023-08-24_15-54-37-153,100,98,31,100.1865145,55,1
2023-08-24_15-54-38-186,100,96,31,97.3918213,55,1
2023-08-24_15-54-39-219,100,96,31,93.06420333,55,1
2023-08-24_15-54-40-252,100,98,31,97.1998595,55,1
2023-08-24_15-54-41-286,100,96,32,97.46033823,55,1
2023-08-24_15-54-42-319,100,98,32,92.13499427,55,1
2023-08-24_15-54-43-353,100,96,32,95.40563588,55,1
2023-08-24_15-54-44-393,100,96,32,97.09684366,55,1
2023-08-24_15-54-45-427,100,96,32,97.98474186,55,1
2023-08-24_15-54-46-461,100,95,32,94.19671699,55,1
2023-08-24_15-54-47-498,100,96,32,97.05994207,55,1
2023-08-24_15-54-48-534,100,96,32,92.5895971,55,1
2023-08-24_15-54-49-571,100,98,32,96.87717894,55,1
2023-08-24_15-54-50-603,100,98,32,89.36374805,55,1
2023-08-24_15-54-51-639,99.93714,98,32,94.23539641,55,1
2023-08-24_15-54-52-669,100,98,32,94.23539641,55,1
2023-08-24_15-54-53-705,100,98,32,86.38932911,55,1
2023-08-24_15-54-54-739,100,98,32,95.3220668,55,1
2023-08-24_15-54-55-775,100,96,32,102.2793341,55,1
2023-08-24_15-54-56-806,100,96,33,94.5546689,55,1
2023-08-24_15-54-57-839,100,98,33,89.38697539,55,1
2023-08-24_15-54-58-875,100,96,33,92.38265528,55,1
2023-08-24_15-54-59-912,100,95,33,91.00913447,55,1
2023-08-24_15-55-00-948,100,98,33,95.7002362,55,1
2023-08-24_15-55-01-982,100,96,33,93.71583854,55,1
2023-08-24_15-55-03-018,100,96,33,90.71725805,55,1
2023-08-24_15-55-04-051,100,96,33,95.24512339,55,1
2023-08-24_15-55-05-088,100,98,33,97.64072191,55,1
2023-08-24_15-55-06-121,100,96,33,99.08805929,55,1
2023-08-24_15-55-07-156,100,96,33,93.05706866,55,1
2023-08-24_15-55-08-193,100,96,33,91.05102593,55,1
2023-08-24_15-55-09-227,100,96,33,90.37974104,55,1
2023-08-24_15-55-10-269,100,95,33,98.8105914,55,1
2023-08-24_15-55-11-300,100,95,33,98.8105914,55,1
2023-08-24_15-55-12-336,100,96,33,100.7572371,55,1
2023-08-24_15-55-13-372,100,96,33,99.54515539,55,1
2023-08-24_15-55-14-403,100,98,33,94.4715387,55,1
2023-08-24_15-55-15-438,100,96,33,91.47507164,55,1
2023-08-24_15-55-16-468,100,98,34,97.00336054,55,1
2023-08-24_15-55-17-503,100,96,34,90.4704547,55,1
2023-08-24_15-55-18-540,100,98,34,99.10164641,55,1
2023-08-24_15-55-19-578,100,98,34,99.79907065,55,1
2023-08-24_15-55-20-613,100,98,34,87.55041702,55,1
2023-08-24_15-55-21-648,100,96,34,98.38316623,55,1
2023-08-24_15-55-22-686,100,96,34,91.34145904,55,1
2023-08-24_15-55-23-721,100,96,34,89.95960573,55,1
2023-08-24_15-55-24-757,100,98,34,87.93821031,55,1
2023-08-24_15-55-25-792,99.9371,95,34,91.96907027,55,1
2023-08-24_15-55-26-828,100,96,34,91.22621029,55,1
2023-08-24_15-55-27-862,100,96,34,99.31631868,55,1
2023-08-24_15-55-28-899,100,96,34,99.31631868,55,1
2023-08-24_15-55-29-933,100,98,34,90.59487585,55,1
2023-08-24_15-55-30-969,100,98,34,104.4055928,55,1
2023-08-24_15-55-32-005,100,98,34,95.38404764,55,1
2023-08-24_15-55-33-041,100,96,34,94.81427718,55,1
2023-08-24_15-55-34-073,100,96,34,95.18972717,55,1
2023-08-24_15-55-35-109,100,98,34,88.29205953,55,1
2023-08-24_15-55-36-139,100,98,34,98.66193731,55,1
2023-08-24_15-55-37-172,99.93698,96,34,89.57570156,55,1
2023-08-24_15-55-38-208,100,98,34,90.69340735,55,1
2023-08-24_15-55-39-242,100,98,34,89.44258103,55,1
2023-08-24_15-55-40-278,100,96,35,87.48466257,55,1
2023-08-24_15-55-41-312,100,98,35,94.2481178,55,1
2023-08-24_15-55-42-348,100,96,35,93.01474028,55,1
2023-08-24_15-55-43-385,100,98,35,89.43790393,55,1
2023-08-24_15-55-44-419,100,96,35,88.76555407,55,1
2023-08-24_15-55-45-454,100,96,35,84.65987923,55,1
2023-08-24_15-55-46-491,100,96,35,86.55450156,55,1
2023-08-24_15-55-47-526,100,96,35,86.55450156,55,1
2023-08-24_15-55-48-562,100,96,35,92.77103268,55,1
2023-08-24_15-55-49-596,100,98,35,97.70334746,55,1
2023-08-24_15-55-50-633,100,96,35,94.56860732,55,1
2023-08-24_15-55-51-665,100,95,35,89.95429673,55,1
2023-08-24_15-55-52-699,100,98,35,94.87301258,55,1
2023-08-24_15-55-53-732,100,96,35,91.66145213,55,1
2023-08-24_15-55-54-768,100,96,35,94.9239417,55,1
2023-08-24_15-55-55-803,100,96,35,85.85193939,55,1
2023-08-24_15-55-56-838,100,96,35,95.07637201,55,1
2023-08-24_15-55-57-875,100,98,35,89.46337467,55,1
2023-08-24_15-55-58-907,100,96,35,90.58488115,55,1
2023-08-24_15-55-59-941,100,96,35,91.98537355,55,1
2023-08-24_15-56-00-977,100,95,35,83.19808987,55,1
2023-08-24_15-56-02-012,100,98,35,88.13769678,55,1
2023-08-24_15-56-03-048,100,96,35,94.4050082,55,1
2023-08-24_15-56-04-084,100,96,35,91.80606854,55,1
2023-08-24_15-56-05-121,100,96,35,97.55272767,55,1
2023-08-24_15-56-06-157,100,96,35,97.55272767,55,1
2023-08-24_15-56-07-191,100,96,35,89.67915105,55,1
2023-08-24_15-56-08-228,100,96,35,88.65464059,55,1
2023-08-24_15-56-09-263,100,96,35,99.7330736,55,1
2023-08-24_15-56-10-299,100,95,35,96.24004306,55,1
2023-08-24_15-56-11-335,100,96,36,98.83975673,55,1
2023-08-24_15-56-12-368,100,96,36,94.43529154,55,1
2023-08-24_15-56-13-404,100,96,36,89.2525244,55,1
2023-08-24_15-56-14-442,100,96,36,96.09845328,55,1
2023-08-24_15-56-15-478,100,95,36,90.62994921,55,1
2023-08-24_15-56-16-511,100,96,36,85.64158498,55,1
2023-08-24_15-56-17-548,100,98,36,90.2007332,55,1
2023-08-24_15-56-18-580,100,98,36,93.9362257,55,1
2023-08-24_15-56-19-614,100,96,36,89.47912425,55,1
2023-08-24_15-56-20-652,100,98,36,91.60575123,55,1
2023-08-24_15-56-21-687,100,98,36,85.59468295,55,1
2023-08-24_15-56-22-723,100,95,36,88.28764244,55,1
2023-08-24_15-56-23-759,100,95,36,88.28764244,55,1
2023-08-24_15-56-24-795,100,98,36,90.87020629,55,1
2023-08-24_15-56-25-831,100,96,36,92.59869052,55,1
2023-08-24_15-56-26-868,100,96,36,83.61672041,55,1
2023-08-24_15-56-27-905,100,98,36,89.41398348,55,1
2023-08-24_15-56-28-943,100,96,36,91.85059982,55,1
2023-08-24_15-56-29-973,100,96,36,87.20311198,55,1
2023-08-24_15-56-31-010,100,96,36,88.48448969,55,1
2023-08-24_15-56-32-045,100,96,36,87.4004666,55,1
2023-08-24_15-56-33-079,100,96,36,99.18397796,55,1
2023-08-24_15-56-34-114,100,98,36,91.54192228,55,1
2023-08-24_15-56-35-147,100,96,36,79.54225061,55,1
2023-08-24_15-56-36-184,100,98,36,88.06653057,55,1
2023-08-24_15-56-37-218,100,98,36,95.9272841,55,1
2023-08-24_15-56-38-253,100,98,36,86.36122766,55,1
2023-08-24_15-56-39-289,100,98,36,97.63139742,55,1
2023-08-24_15-56-40-323,100,98,36,87.96338964,55,1
2023-08-24_15-56-41-356,100,98,36,87.96338964,55,1
2023-08-24_15-56-42-391,100,96,36,90.02594021,55,1
2023-08-24_15-56-43-424,100,96,36,86.68235374,55,1
2023-08-24_15-56-44-460,100,96,36,89.05665021,55,1
2023-08-24_15-56-45-496,100,98,36,99.81047763,55,1
2023-08-24_15-56-46-530,100,96,36,87.92757299,55,1
2023-08-24_15-56-47-563,100,96,36,90.61887071,55,1
2023-08-24_15-56-48-598,100,96,36,93.06714921,55,1
2023-08-24_15-56-49-633,100,96,36,87.61133275,55,1
2023-08-24_15-56-50-665,100,96,36,95.3981631,55,1
2023-08-24_15-56-51-697,100,98,36,87.22499931,55,1
2023-08-24_15-56-52-732,100,98,36,93.44518831,55,1
2023-08-24_15-56-53-767,100,96,36,93.49311201,55,1
2023-08-24_15-56-54-813,100,98,36,93.398451,55,1
2023-08-24_15-56-55-848,100,98,36,87.56586277,55,1
2023-08-24_15-56-56-883,100,96,36,93.69097946,55,1
2023-08-24_15-56-57-915,100,95,36,84.02119001,55,1
2023-08-24_15-56-58-952,100,95,36,84.02119001,55,1
2023-08-24_15-56-59-987,100,96,36,92.54862239,55,1
2023-08-24_15-57-01-023,100,96,36,86.64194919,55,1
2023-08-24_15-57-02-058,100,98,36,89.18187566,55,1
2023-08-24_15-57-03-090,100,96,37,92.10562368,55,1
2023-08-24_15-57-04-128,100,96,37,89.99562837,55,1
2023-08-24_15-57-05-163,100,96,37,89.82207177,55,1
2023-08-24_15-57-06-197,99.87404,96,37,86.02686911,55,1
2023-08-24_15-57-07-232,100,98,37,86.25903249,55,1
2023-08-24_15-57-08-270,99.93724,98,37,87.49163606,55,1
2023-08-24_15-57-09-306,100,98,37,94.64328149,55,1
2023-08-24_15-57-10-341,100,96,37,79.84843465,55,1
2023-08-24_15-57-11-376,100,98,37,95.31711664,55,1
2023-08-24_15-57-12-408,100,98,37,90.41472095,55,1
2023-08-24_15-57-13-440,100,96,37,94.05838305,55,1
2023-08-24_15-57-14-475,100,96,37,85.89136997,55,1
2023-08-24_15-57-15-510,100,98,37,90.32094731,55,1
2023-08-24_15-57-16-546,100,98,37,90.32094731,55,1
2023-08-24_15-57-17-579,100,96,37,94.38034012,55,1
2023-08-24_15-57-18-618,100,98,37,92.56636143,55,1
2023-08-24_15-57-19-653,100,95,37,83.86029148,55,1
2023-08-24_15-57-20-688,100,95,37,90.21584085,55,1
2023-08-24_15-57-21-723,100,96,37,89.20551059,55,1
2023-08-24_15-57-22-759,100,98,37,84.35580654,55,1
2023-08-24_15-57-23-794,100,96,37,95.17163785,55,1
2023-08-24_15-57-24-829,100,96,37,97.17817242,55,1
2023-08-24_15-57-25-865,100,96,37,89.33579317,55,1
2023-08-24_15-57-26-897,100,96,37,91.52155214,55,1
2023-08-24_15-57-27-936,100,96,37,92.33194002,55,1
2023-08-24_15-57-28-971,100,96,37,90.83724474,55,1
2023-08-24_15-57-30-007,100,95,37,88.77153567,55,1
2023-08-24_15-57-31-042,100,98,37,86.31801684,55,1
2023-08-24_15-57-32-077,100,96,37,86.48211841,55,1
2023-08-24_15-57-33-110,100,95,37,91.64959048,55,1
2023-08-24_15-57-34-145,100,98,37,97.91128482,55,1
2023-08-24_15-57-35-176,100,98,37,97.91128482,55,1
2023-08-24_15-57-36-213,100,98,37,81.06489708,55,1
2023-08-24_15-57-37-245,100,96,37,90.91381489,55,1
2023-08-24_15-57-38-281,100,96,37,87.43883491,55,1
2023-08-24_15-57-39-315,100,98,37,93.49710583,55,1
2023-08-24_15-57-40-351,100,98,37,88.89498645,55,1
2023-08-24_15-57-41-388,100,95,37,89.82130693,55,1
2023-08-24_15-57-42-422,100,98,37,85.42468957,55,1
2023-08-24_15-57-43-456,100,96,37,78.85560916,55,1
2023-08-24_15-57-44-488,100,96,37,79.68026625,55,1
2023-08-24_15-57-45-521,100,96,37,92.67873454,55,1
2023-08-24_15-57-46-551,100,96,37,92.11210293,55,1
2023-08-24_15-57-47-583,100,98,37,89.44379727,55,1
2023-08-24_15-57-48-616,100,96,37,93.25878202,55,1
2023-08-24_15-57-49-647,100,96,37,87.54268484,55,1
2023-08-24_15-57-50-680,100,98,37,76.70230497,55,1
2023-08-24_15-57-51-713,100,96,37,83.78828499,55,1
2023-08-24_15-57-52-742,100,96,37,83.78828499,55,1
2023-08-24_15-57-53-774,100,96,37,92.63885913,55,1
2023-08-24_15-57-54-807,100,96,37,82.5868168,55,1
2023-08-24_15-57-55-841,100,96,37,84.37636907,55,1
2023-08-24_15-57-56-870,100,98,37,87.91451344,55,1
2023-08-24_15-57-57-904,100,98,37,84.76906309,55,1
2023-08-24_15-57-58-935,100,98,37,95.03881333,55,1
2023-08-24_15-57-59-968,100,98,37,87.19583513,55,1
2023-08-24_15-58-01-002,100,98,37,89.23404978,55,1
2023-08-24_15-58-02-033,100,96,37,81.84955715,55,1
2023-08-24_15-58-03-065,100,96,37,89.35500808,55,1
2023-08-24_15-58-04-094,100,98,37,89.87720179,55,1
2023-08-24_15-58-05-126,100,98,37,97.17426106,55,1
2023-08-24_15-58-06-158,100,96,37,84.42035746,55,1
2023-08-24_15-58-07-188,100,95,37,89.97916011,55,1
2023-08-24_15-58-08-220,100,96,37,81.5515524,55,1
2023-08-24_15-58-09-253,100,96,37,87.11900136,55,1
2023-08-24_15-58-10-285,100,96,37,87.11900136,55,1
2023-08-24_15-58-11-316,100,98,37,89.56759558,55,1
2023-08-24_15-58-12-347,100,98,37,87.07536538,55,1
2023-08-24_15-58-13-379,100,96,37,86.17688988,55,1
2023-08-24_15-58-14-412,100,96,37,90.69051451,55,1
2023-08-24_15-58-15-444,100,98,37,87.63497678,55,1
2023-08-24_15-58-16-476,100,96,37,85.98479985,55,1
2023-08-24_15-58-17-507,100,98,37,85.57960231,55,1
2023-08-24_15-58-18-538,100,96,37,91.4444213,55,1
2023-08-24_15-58-19-570,100,96,37,89.07112871,55,1
2023-08-24_15-58-20-601,100,96,37,82.09714001,55,1
2023-08-24_15-58-21-631,100,96,37,87.17203014,55,1
2023-08-24_15-58-22-660,100,98,37,92.36024774,55,1
2023-08-24_15-58-23-693,100,96,37,85.86961342,55,1
2023-08-24_15-58-24-729,100,96,37,92.25180765,55,1
2023-08-24_15-58-25-761,100,96,37,90.83862586,55,1
2023-08-24_15-58-26-794,100,96,37,90.83862586,55,1
2023-08-24_15-58-27-828,100,96,37,88.46949668,55,1
2023-08-24_15-58-28-859,100,96,38,83.21095979,55,1
2023-08-24_15-58-29-889,100,98,38,86.42285842,55,1
2023-08-24_15-58-30-924,100,96,38,90.94644274,55,1
2023-08-24_15-58-31-955,100,98,38,82.11540913,55,1
2023-08-24_15-58-32-987,100,98,38,91.35868085,55,1
2023-08-24_15-58-34-019,100,96,38,87.49057041,55,1
2023-08-24_15-58-35-052,100,96,38,85.09774313,55,1
2023-08-24_15-58-36-084,100,96,38,86.69438263,55,1
2023-08-24_15-58-37-116,100,96,38,82.58912542,55,1
2023-08-24_15-58-38-149,100,96,38,89.95642346,55,1
2023-08-24_15-58-39-181,100,98,38,93.50950713,55,1
2023-08-24_15-58-40-209,100,94,38,89.48991374,55,1
2023-08-24_15-58-41-240,100,96,38,79.88301536,55,1
2023-08-24_15-58-42-272,100,96,38,92.32336913,55,1
2023-08-24_15-58-43-304,100,96,38,92.1865282,55,1
2023-08-24_15-58-44-335,100,98,38,95.11249147,55,1
2023-08-24_15-58-45-368,100,98,38,95.11249147,55,1
2023-08-24_15-58-46-398,100,98,38,82.43109185,55,1
2023-08-24_15-58-47-430,99.93692,96,38,89.62374535,55,1
2023-08-24_15-58-48-463,100,96,38,90.61331809,55,1
2023-08-24_15-58-49-496,100,96,38,90.3737774,55,1
2023-08-24_15-58-50-577,94.52585,96,38,84.48631839,55,1
2023-08-24_15-58-51-619,4.77703,94,38,73.91760168,55,1
2023-08-24_15-58-52-635,3.514374,53,38,14.52059394,55,1
2023-08-24_15-58-53-650,3.294516,51,38,14.61079777,55,0
2023-08-24_15-58-54-669,3.672194,51,38,13.53705126,55,0
2023-08-24_15-58-55-690,2.075222,51,38,13.05604529,55,0
2023-08-24_15-58-56-708,2.942896,49,38,14.85211784,55,0
2023-08-24_15-58-57-728,3.028341,49,38,13.97647594,55,0
2023-08-24_15-58-58-749,3.294295,49,38,14.25046281,55,0
2023-08-24_15-58-59-764,2.30498,48,38,14.88788743,55,0
2023-08-24_15-59-00-782,2.335492,48,38,23.18484878,55,0
2023-08-24_15-59-01-799,3.908457,48,38,23.18484878,55,0
2023-08-24_15-59-02-814,3.267466,48,38,14.67492838,55,0
2023-08-24_15-59-03-830,3.133342,47,38,13.22394876,55,0
2023-08-24_15-59-04-847,3.242473,47,38,13.95022094,55,0
2023-08-24_15-59-05-870,3.219705,46,38,15.28360781,55,0
2023-08-24_15-59-06-887,2.130569,45,38,13.7629725,55,0
2023-08-24_15-59-07-911,3.826294,46,38,12.83069432,55,0
2023-08-24_15-59-08-933,2.832402,45,38,13.89299945,55,0
2023-08-24_15-59-09-953,3.744306,45,37,11.27512981,55,0
2023-08-24_15-59-10-971,2.192479,45,37,11.94462349,55,0
2023-08-24_15-59-11-988,3.23081,46,37,17.36940015,55,0
2023-08-24_15-59-13-006,4.14939,45,37,13.09627902,55,0
2023-08-24_15-59-14-025,2.972473,43,37,13.30712811,55,0
2023-08-24_15-59-15-047,2.931602,43,37,16.52393372,55,0
2023-08-24_15-59-16-068,3.01719,43,37,16.52393372,55,0
2023-08-24_15-59-17-087,3.522404,42,37,12.91066276,55,0
2023-08-24_15-59-18-104,3.489464,43,37,12.794322,55,0
2023-08-24_15-59-19-123,3.137803,43,37,16.25818542,55,0
2023-08-24_15-59-20-144,2.453839,42,37,15.41600464,55,0
2023-08-24_15-59-21-162,2.820645,42,37,13.5402066,55,0
2023-08-24_15-59-22-180,2.721121,43,37,19.11908033,55,0
2023-08-24_15-59-23-196,4.0351,43,37,12.61807212,55,0
2023-08-24_15-59-24-212,3.464756,41,37,13.0825957,55,0
2023-08-24_15-59-25-234,4.712118,44,37,12.3592492,55,0
2023-08-24_15-59-26-249,2.335105,42,37,13.42484345,55,0
2023-08-24_15-59-27-269,3.779855,41,37,12.52610474,55,0
2023-08-24_15-59-28-291,3.065926,43,37,13.2149565,55,0
2023-08-24_15-59-29-310,3.749048,41,37,12.04375115,55,0
2023-08-24_15-59-30-328,4.041673,41,37,12.04375115,55,0
2023-08-24_15-59-31-345,3.760911,41,37,13.03925884,55,0
2023-08-24_15-59-32-365,2.536769,45,37,15.83400783,55,0
2023-08-24_15-59-33-383,3.764065,41,36,15.68916063,55,0
2023-08-24_15-59-34-403,3.410007,41,36,14.19753387,55,0
2023-08-24_15-59-35-422,3.669697,45,36,13.11398056,55,0
2023-08-24_15-59-36-439,2.497794,43,36,13.89613402,55,0
2023-08-24_15-59-37-454,2.82603,43,36,15.46538419,55,0
2023-08-24_15-59-38-474,3.74298,41,36,13.04257847,55,0
2023-08-24_15-59-39-490,3.045039,41,36,13.2222522,55,0
2023-08-24_15-59-40-507,3.154047,41,36,18.25036848,55,0
2023-08-24_15-59-41-526,3.151463,40,36,12.73034684,55,0
2023-08-24_15-59-42-549,2.641411,42,36,20.86969553,55,0
2023-08-24_15-59-43-568,4.160967,42,36,12.57412634,55,0
2023-08-24_15-59-44-588,2.464838,42,36,12.57412634,55,0
2023-08-24_15-59-45-605,3.943936,42,36,13.83000938,55,0
2023-08-24_15-59-46-626,3.173721,43,36,14.24982859,55,0
2023-08-24_15-59-47-644,3.239238,39,36,12.08838657,55,0
2023-08-24_15-59-48-660,4.61194,42,36,13.59443316,55,0
2023-08-24_15-59-49-679,3.180751,39,36,12.9219225,55,0
2023-08-24_15-59-50-699,3.228892,39,36,13.26811046,55,0
2023-08-24_15-59-51-721,7.159565,40,36,13.61386821,55,0
2023-08-24_15-59-52-740,6.626449,38,36,19.92803874,55,0
2023-08-24_15-59-53-758,3.727169,40,36,14.11039256,55,0
2023-08-24_15-59-54-780,2.907859,45,35,15.39533841,55,0
2023-08-24_15-59-55-801,3.261599,38,35,12.79609476,55,0
2023-08-24_15-59-56-819,2.836657,38,35,12.18927147,55,0
2023-08-24_15-59-57-838,3.181083,38,35,12.18927147,55,0
2023-08-24_15-59-58-855,4.093901,37,35,13.16141851,55,0
2023-08-24_15-59-59-873,2.739112,37,35,12.49134769,55,0
2023-08-24_16-00-00-893,5.992152,37,35,14.03184914,55,0
2023-08-24_16-00-01-914,2.996692,40,35,15.11290529,55,0
2023-08-24_16-00-02-932,3.08857,37,35,12.44134177,55,0
2023-08-24_16-00-03-947,3.62501,51,35,18.31441941,55,0
2023-08-24_16-00-04-967,2.550822,42,35,14.06751615,55,0
2023-08-24_16-00-05-987,1.947957,37,35,14.83690729,55,0
2023-08-24_16-00-07-005,5.338055,40,35,24.95148038,55,0
2023-08-24_16-00-08-022,4.105518,46,35,21.87989484,55,0
2023-08-24_16-00-09-043,2.902421,40,35,14.85253682,55,0
2023-08-24_16-00-10-059,3.363556,40,35,17.50707103,55,0
2023-08-24_16-00-11-078,3.427831,40,35,15.32664682,55,0
2023-08-24_16-00-12-094,1.942392,40,35,16.01005057,55,0
2023-08-24_16-00-13-110,4.45056,40,35,16.01005057,55,0
2023-08-24_16-00-14-126,4.911345,40,35,19.52104201,55,0
2023-08-24_16-00-15-147,3.192788,37,35,13.58560824,55,0
2023-08-24_16-00-16-166,3.842095,37,34,13.2092679,55,0
2023-08-24_16-00-17-182,3.793917,39,34,17.86141371,55,0
2023-08-24_16-00-18-198,3.268238,38,34,14.94482515,55,0
2023-08-24_16-00-19-215,3.836929,39,34,18.37873977,55,0
2023-08-24_16-00-20-233,2.482875,36,34,14.24340785,55,0
2023-08-24_16-00-21-252,2.025411,37,34,13.84387691,55,0
2023-08-24_16-00-22-269,2.852254,39,34,14.47567017,55,0
2023-08-24_16-00-23-284,3.847531,37,34,17.64698545,55,0
2023-08-24_16-00-24-304,3.909267,39,34,15.6520274,55,0
2023-08-24_16-00-25-321,2.164217,37,34,15.28901957,55,0
2023-08-24_16-00-26-338,3.274497,37,34,13.70320819,55,0
2023-08-24_16-00-27-359,2.959177,37,34,13.70320819,55,0
2023-08-24_16-00-28-376,3.292735,37,34,13.24922677,55,0
2023-08-24_16-00-29-395,2.923517,37,34,19.05812846,55,0
2023-08-24_16-00-30-412,4.123543,37,34,13.57410692,55,0
2023-08-24_16-00-31-428,4.030017,37,34,11.84260546,55,0
2023-08-24_16-00-32-450,3.258942,40,34,12.99517815,55,0
2023-08-24_16-00-33-472,3.697526,37,34,13.27878694,55,0
2023-08-24_16-00-34-491,2.923765,61,34,18.46234947,55,0
2023-08-24_16-00-35-507,2.902333,37,34,12.54028696,55,0
2023-08-24_16-00-36-529,3.23535,41,34,13.71876311,55,0
2023-08-24_16-00-37-549,4.211548,36,34,12.25602246,55,0
2023-08-24_16-00-38-566,3.267659,37,34,11.72633099,55,0
2023-08-24_16-00-39-583,3.803482,37,34,13.41290265,55,0
2023-08-24_16-00-40-600,4.740955,43,34,20.07684585,55,0
2023-08-24_16-00-41-616,4.697022,43,34,20.07684585,55,0
2023-08-24_16-00-42-635,3.745586,44,34,15.80463282,55,0
2023-08-24_16-00-43-660,3.513727,39,34,13.33601211,55,0
2023-08-24_16-00-44-675,3.973381,36,34,20.0952923,55,0
2023-08-24_16-00-45-692,3.03251,36,34,14.57656207,55,0
2023-08-24_16-00-46-712,3.08962,37,34,17.72662213,55,0
2023-08-24_16-00-47-731,2.471086,37,33,13.12202057,55,0
2023-08-24_16-00-48-749,4.417652,37,33,13.10518449,55,0
2023-08-24_16-00-49-765,3.507252,36,33,12.95515213,55,0
2023-08-24_16-00-50-782,3.088989,36,33,15.20326786,55,0
2023-08-24_16-00-51-800,4.901091,38,33,15.56774755,55,0
2023-08-24_16-00-52-818,1.917704,36,33,12.77154219,55,0
2023-08-24_16-00-53-837,5.085101,37,33,16.86497988,55,0
2023-08-24_16-00-54-855,3.62919,37,33,17.56058614,55,0
2023-08-24_16-00-55-875,3.241574,37,33,17.56058614,55,0
2023-08-24_16-00-56-891,3.158356,36,33,15.18092474,55,0
2023-08-24_16-00-57-907,3.058884,37,33,18.41500678,55,0
2023-08-24_16-00-58-924,3.771838,36,33,15.58329661,55,0
2023-08-24_16-00-59-940,5.438208,37,33,16.32426085,55,0
2023-08-24_16-01-00-959,3.451325,41,33,16.25088437,55,0
2023-08-24_16-01-01-977,3.325523,36,33,14.28244962,55,0
2023-08-24_16-01-02-995,2.90598,36,33,12.53914334,55,0
2023-08-24_16-01-04-017,2.339381,37,33,16.86842354,55,0
2023-08-24_16-01-05-034,3.841343,44,33,19.92410894,55,0
2023-08-24_16-01-06-055,2.867445,36,33,17.39013507,55,0
2023-08-24_16-01-07-070,2.716401,36,33,12.38761042,55,0
2023-08-24_16-01-08-089,3.762047,36,33,12.82259414,55,0
2023-08-24_16-01-09-111,2.128337,37,33,14.46837469,55,0
2023-08-24_16-01-10-131,3.40098,37,33,14.46837469,55,0
2023-08-24_16-01-11-150,4.951182,36,33,16.64415587,55,0
2023-08-24_16-01-12-167,3.481503,36,33,17.35265047,55,0
2023-08-24_16-01-13-185,3.218708,36,33,13.20097291,55,0
2023-08-24_16-01-14-204,3.285164,36,33,14.9628924,55,0
2023-08-24_16-01-15-224,2.58863,36,33,20.37609134,55,0
2023-08-24_16-01-16-246,3.098919,39,33,14.29504554,55,0
2023-08-24_16-01-17-268,2.803534,36,33,16.41209886,55,0
2023-08-24_16-01-18-288,3.152261,36,33,18.78386808,55,0
2023-08-24_16-01-19-311,2.163804,39,33,14.21279639,55,0
2023-08-24_16-01-20-327,4.075521,37,33,12.91584907,55,0
2023-08-24_16-01-21-347,3.254577,36,32,14.97961776,55,0
2023-08-24_16-01-22-369,2.610697,36,32,12.21953366,55,0
2023-08-24_16-01-23-385,3.481369,37,32,13.16014578,55,0
2023-08-24_16-01-24-402,3.216568,37,32,13.16014578,55,0
2023-08-24_16-01-25-419,3.780456,35,32,13.67026306,55,0
2023-08-24_16-01-26-438,2.948878,36,32,21.0609918,55,0
2023-08-24_16-01-27-456,2.741042,36,32,14.07244108,55,0
2023-08-24_16-01-28-475,3.112518,38,32,14.16528294,55,0
2023-08-24_16-01-29-494,2.464929,36,32,18.71871723,55,0
2023-08-24_16-01-30-512,3.325409,37,32,16.33849076,55,0
2023-08-24_16-01-31-530,2.219072,36,32,14.35550853,55,0
2023-08-24_16-01-32-547,2.713308,36,32,15.93912783,55,0
2023-08-24_16-01-33-563,3.908152,36,32,14.41210162,55,0
2023-08-24_16-01-34-578,1.924769,36,32,14.27808942,55,0
2023-08-24_16-01-35-599,4.531151,39,32,18.64450273,55,0
2023-08-24_16-01-36-620,4.65785,36,32,16.03222369,55,0
2023-08-24_16-01-37-637,3.814687,43,32,18.67131007,55,0
2023-08-24_16-01-38-655,3.355612,43,32,18.67131007,55,0
2023-08-24_16-01-39-676,3.196306,36,32,13.51270822,55,0
2023-08-24_16-01-40-691,3.103489,36,32,13.7957394,55,0
2023-08-24_16-01-41-708,3.337243,36,32,12.20181462,55,0
2023-08-24_16-01-42-729,3.054368,36,32,15.02815187,55,0
2023-08-24_16-01-43-745,3.384896,36,32,15.77666902,55,0
2023-08-24_16-01-44-762,4.162097,38,32,13.50543026,55,0
2023-08-24_16-01-45-785,3.286934,36,32,17.85887888,55,0
2023-08-24_16-01-46-802,3.527057,37,32,15.54049239,55,0
2023-08-24_16-01-47-823,2.719982,41,32,12.98769114,55,0
2023-08-24_16-01-48-845,2.945228,38,32,15.20824832,55,0
2023-08-24_16-01-49-858,3.833932,37,32,17.43164081,55,0
2023-08-24_16-01-50-874,2.711581,36,32,14.24109417,55,0
2023-08-24_16-01-51-893,7.441538,37,32,14.46004426,55,0
2023-08-24_16-01-52-910,4.653036,37,32,14.46004426,55,0
2023-08-24_16-01-53-929,3.398423,43,32,14.57726644,55,0
2023-08-24_16-01-54-947,3.664523,35,32,14.89401331,55,0
2023-08-24_16-01-55-964,3.585524,36,32,14.41094401,55,0
2023-08-24_16-01-56-984,2.677824,37,32,18.73179511,55,0
2023-08-24_16-01-58-005,3.057673,36,32,12.52370044,55,0
2023-08-24_16-01-59-024,3.264926,36,32,13.42198648,55,0
2023-08-24_16-02-00-043,3.417003,35,32,13.91572617,55,0
2023-08-24_16-02-01-057,3.240638,37,32,16.18467921,55,0
2023-08-24_16-02-02-074,5.066091,35,32,15.47542893,55,0
2023-08-24_16-02-03-092,3.75465,36,32,14.40336171,55,0
2023-08-24_16-02-04-109,2.486172,37,32,15.91728985,55,0
2023-08-24_16-02-05-126,5.546978,36,32,14.61465342,55,0
2023-08-24_16-02-06-145,3.642364,37,32,21.76976305,55,0
2023-08-24_16-02-07-162,3.331521,37,32,21.76976305,55,0
2023-08-24_16-02-08-180,3.40875,35,32,16.01629181,55,0
2023-08-24_16-02-09-196,3.765061,36,32,12.9109119,55,0
2023-08-24_16-02-10-211,2.966889,36,32,14.02720729,55,0
2023-08-24_16-02-11-229,3.432894,36,32,13.37392677,55,0
2023-08-24_16-02-12-246,3.780893,43,32,15.79200689,55,0
2023-08-24_16-02-13-265,2.735281,36,32,14.36680926,55,0
2023-08-24_16-02-14-284,3.497471,36,32,12.44950241,55,0
2023-08-24_16-02-15-303,1.732615,35,32,17.69434292,55,0
2023-08-24_16-02-16-319,4.250044,37,32,14.72054678,55,0
2023-08-24_16-02-17-338,3.258337,37,32,19.09536434,55,0
2023-08-24_16-02-18-354,4.177216,35,32,20.12556087,55,0
2023-08-24_16-02-19-376,3.168269,40,32,13.72316299,55,0
2023-08-24_16-02-20-394,2.822792,36,32,13.06131105,55,0
2023-08-24_16-02-21-412,3.412726,36,31,13.06131105,55,0
2023-08-24_16-02-22-443,3.792627,35,31,13.55729759,55,0
2023-08-24_16-02-23-461,2.399044,35,31,14.92774571,55,0
2023-08-24_16-02-24-477,2.933972,37,31,20.46008085,55,0
2023-08-24_16-02-25-494,3.728145,35,31,12.47616888,55,0
2023-08-24_16-02-26-511,4.123072,35,31,14.73546292,55,0
2023-08-24_16-02-27-525,3.395606,36,31,19.9293115,55,0
2023-08-24_16-02-28-546,2.536865,35,31,15.61137862,55,0
2023-08-24_16-02-29-565,2.993202,35,31,15.94482843,55,0
2023-08-24_16-02-30-585,2.408009,36,31,12.89323517,55,0
2023-08-24_16-02-31-601,3.684527,36,31,13.15915556,55,0
2023-08-24_16-02-32-622,3.348965,35,31,13.91582755,55,0
2023-08-24_16-02-33-639,3.000564,35,31,12.51822712,55,0
2023-08-24_16-02-34-658,1.778904,35,31,14.47329973,55,0
2023-08-24_16-02-35-674,3.576021,35,31,14.47329973,55,0
2023-08-24_16-02-36-693,2.787048,37,31,16.88973014,55,0
2023-08-24_16-02-37-708,3.80248,35,31,19.59706799,55,0
2023-08-24_16-02-38-727,3.795768,40,31,13.50175406,55,0
2023-08-24_16-02-39-743,3.441891,35,31,12.50742898,55,0
2023-08-24_16-02-40-764,2.872012,36,31,13.82970394,55,0
2023-08-24_16-02-41-778,2.681223,37,31,15.05163771,55,0
2023-08-24_16-02-42-795,2.880639,36,31,14.19399327,55,0
2023-08-24_16-02-43-811,3.792223,35,31,13.35682872,55,0
2023-08-24_16-02-44-827,3.324218,37,31,14.05991063,55,0
2023-08-24_16-02-45-840,3.285841,36,31,11.86228725,55,0
2023-08-24_16-02-46-860,3.143123,35,31,16.12498553,55,0
2023-08-24_16-02-47-879,4.000595,56,31,19.73689835,55,0
2023-08-24_16-02-48-905,2.951554,36,31,12.46213268,55,0
2023-08-24_16-02-49-925,3.310722,36,31,12.46213268,55,0
2023-08-24_16-02-50-944,2.700461,35,31,12.98494229,55,0
2023-08-24_16-02-51-964,4.26619,35,31,13.21194512,55,0
2023-08-24_16-02-52-985,4.387306,35,31,14.79968938,55,0
2023-08-24_16-02-54-007,3.269907,35,31,12.43701237,55,0
2023-08-24_16-02-55-026,2.645568,35,31,15.51628678,55,0
2023-08-24_16-02-56-046,4.617217,35,31,18.51206485,55,0
2023-08-24_16-02-57-063,3.664138,35,31,15.41253669,55,0
2023-08-24_16-02-58-080,4.175685,37,31,20.01615557,55,0
2023-08-24_16-02-59-097,3.135676,36,31,14.01154505,55,0
2023-08-24_16-03-00-112,3.974781,35,31,13.55178453,55,0
2023-08-24_16-03-01-134,3.356186,35,31,12.52729182,55,0
2023-08-24_16-03-02-154,2.436595,36,31,13.87814336,55,0
2023-08-24_16-03-03-171,2.857621,36,31,15.06916755,55,0
2023-08-24_16-03-04-191,4.892275,36,31,15.06916755,55,0
2023-08-24_16-03-05-212,3.0863,35,31,17.72962273,55,0
2023-08-24_16-03-06-229,2.999358,35,31,13.30221556,55,0
2023-08-24_16-03-07-244,2.893873,35,31,13.76197996,55,0
2023-08-24_16-03-08-261,3.041127,36,31,17.09727061,55,0
2023-08-24_16-03-09-281,2.887501,36,31,15.55236894,55,0
2023-08-24_16-03-10-298,3.680102,35,31,13.96068901,55,0
2023-08-24_16-03-11-314,2.930298,35,31,13.29187731,55,0
2023-08-24_16-03-12-334,2.783429,35,31,13.00347242,55,0
2023-08-24_16-03-13-351,2.942479,35,31,13.91035044,55,0
2023-08-24_16-03-14-369,2.999177,35,31,12.78281792,55,0
2023-08-24_16-03-15-389,3.808493,36,31,14.53189222,55,0
2023-08-24_16-03-16-408,3.470598,36,31,13.96647557,55,0
2023-08-24_16-03-17-429,2.232514,36,31,14.86728806,55,0
2023-08-24_16-03-18-446,4.491982,35,31,14.86728806,55,0
2023-08-24_16-03-19-461,3.136241,53,31,21.86468875,55,0
2023-08-24_16-03-20-472,4.182394,34,31,15.42105789,55,0
2023-08-24_16-03-21-488,1.804727,35,31,13.91647,55,0
2023-08-24_16-03-22-508,4.26803,35,31,14.52679512,55,0
2023-08-24_16-03-23-525,4.128344,35,31,13.7618073,55,0
2023-08-24_16-03-24-542,2.90718,35,31,12.99173014,55,0
2023-08-24_16-03-25-559,2.800086,35,31,14.50984079,55,0
2023-08-24_16-03-26-574,3.657292,35,31,14.42018208,55,0
2023-08-24_16-03-27-594,2.81833,37,31,14.14793425,55,0
2023-08-24_16-03-28-615,3.137037,35,31,20.13869159,55,0
2023-08-24_16-03-29-634,3.013108,35,31,13.73981606,55,0
2023-08-24_16-03-30-650,3.555032,36,31,15.23427905,55,0
2023-08-24_16-03-31-667,2.290306,36,31,15.23427905,55,0
2023-08-24_16-03-32-689,3.836812,36,31,19.43768338,55,0
2023-08-24_16-03-33-708,2.931179,35,31,16.04061357,55,0
2023-08-24_16-03-34-724,3.674511,34,31,15.77917745,55,0
2023-08-24_16-03-35-745,2.466781,35,31,13.88094966,55,0
2023-08-24_16-03-36-764,3.305747,35,31,13.52414344,55,0
2023-08-24_16-03-37-782,3.668997,33,31,13.04833233,55,0
2023-08-24_16-03-38-800,3.702471,39,31,16.843532,55,0
2023-08-24_16-03-39-821,2.281263,34,31,16.69771143,55,0
2023-08-24_16-03-40-837,4.118997,35,31,13.8966911,55,0
2023-08-24_16-03-41-858,3.213561,35,31,12.72236213,55,0
2023-08-24_16-03-42-874,2.995441,35,31,14.17150621,55,0
2023-08-24_16-03-43-891,3.816657,33,31,13.89544269,55,0
2023-08-24_16-03-44-910,2.660601,39,31,13.29193166,55,0
2023-08-24_16-03-45-930,3.525911,39,31,13.29193166,55,0
2023-08-24_16-03-46-948,2.720834,35,31,13.03576062,55,0
2023-08-24_16-03-47-965,4.230103,35,31,13.44468983,55,0
2023-08-24_16-03-48-981,3.723028,34,31,13.96992731,55,0
2023-08-24_16-03-50-000,2.514543,43,31,20.13559921,55,0
2023-08-24_16-03-51-017,2.883274,35,31,15.44732649,55,0
2023-08-24_16-03-52-038,8.046185,36,31,16.82823287,55,0
2023-08-24_16-03-53-064,4.546014,35,31,14.57398095,55,0
2023-08-24_16-03-54-081,1.831143,35,31,15.6559424,55,0
2023-08-24_16-03-55-099,3.465837,35,31,13.09435314,55,0
